label,mirA_ids,mirB_ids,module,module_display,category,module_genes_in_universe,mirA_targets_total,mirB_targets_total,union_targets_total,mirA_module_targets,mirB_module_targets,union_module_targets,overlap,coverage_A,coverage_B,coverage_union,incremental_coverage,complementarity_index
synergy,hsa-miR-19b-3p,hsa-miR-137,Neurite outgrowth & projection morphogenesis,Neurite outgrowth (on-target),on_target,510,1338,1314,2397,79,76,133,22,0.15490196078431373,0.14901960784313725,0.2607843137254902,0.10588235294117648,0.8345864661654135
synergy,hsa-miR-19b-3p,hsa-miR-137,Synapse formation & neuronal maturation,Synapse/maturation (on-target),on_target,426,1338,1314,2397,53,61,105,9,0.12441314553990611,0.1431924882629108,0.24647887323943662,0.10328638497652581,0.9142857142857143
synergy,hsa-miR-19b-3p,hsa-miR-137,Translation / ribosome (housekeeping),Translation/ribosome (housekeeping),control,223,1338,1314,2397,22,22,37,7,0.09865470852017937,0.09865470852017937,0.16591928251121077,0.0672645739910314,0.8108108108108107
synergy,hsa-miR-19b-3p,hsa-miR-137,RNA processing / splicing (housekeeping),RNA processing/splicing (housekeeping),control,191,1338,1314,2397,12,12,22,2,0.06282722513089005,0.06282722513089005,0.11518324607329843,0.05235602094240838,0.9090909090909091
synergy,hsa-miR-19b-3p,hsa-miR-137,UPR / ER stress (liability),UPR/ER stress (control),control,89,1338,1314,2397,5,9,14,0,0.056179775280898875,0.10112359550561797,0.15730337078651685,0.056179775280898875,1.0
synergy,hsa-miR-19b-3p,hsa-miR-137,Apoptosis / p53 / DNA repair (liability),Apoptosis/DNA repair (control),control,363,1338,1314,2397,39,22,58,3,0.10743801652892562,0.06060606060606061,0.15977961432506887,0.05234159779614325,0.9482758620689655
synergy,hsa-miR-19b-3p,hsa-miR-137,EMT (alternate morphology),EMT (control),control,175,1338,1314,2397,24,15,36,3,0.13714285714285715,0.08571428571428572,0.2057142857142857,0.06857142857142856,0.9166666666666666
synergy,hsa-miR-19b-3p,hsa-miR-137,Trafficking / cytoskeleton (non-specific morphology),Trafficking/cytoskeleton (control),control,971,1338,1314,2397,133,89,204,18,0.13697219361483007,0.09165808444902163,0.21009268795056643,0.07312049433573636,0.9117647058823529
