label,mirA_ids,mirB_ids,module,module_display,category,module_genes_in_universe,mirA_targets_total,mirB_targets_total,union_targets_total,mirA_module_targets,mirB_module_targets,union_module_targets,overlap,coverage_A,coverage_B,coverage_union,incremental_coverage,complementarity_index
synergy,hsa-miR-27b-3p,hsa-miR-137,Neurite outgrowth & projection morphogenesis,Neurite outgrowth (on-target),on_target,510,1421,1314,2451,86,76,140,22,0.16862745098039217,0.14901960784313725,0.27450980392156865,0.10588235294117648,0.8428571428571429
synergy,hsa-miR-27b-3p,hsa-miR-137,Synapse formation & neuronal maturation,Synapse/maturation (on-target),on_target,426,1421,1314,2451,67,61,112,16,0.1572769953051643,0.1431924882629108,0.26291079812206575,0.10563380281690143,0.8571428571428572
synergy,hsa-miR-27b-3p,hsa-miR-137,Translation / ribosome (housekeeping),Translation/ribosome (housekeeping),control,223,1421,1314,2451,17,22,35,4,0.07623318385650224,0.09865470852017937,0.15695067264573992,0.058295964125560554,0.8857142857142857
synergy,hsa-miR-27b-3p,hsa-miR-137,RNA processing / splicing (housekeeping),RNA processing/splicing (housekeeping),control,191,1421,1314,2451,13,12,25,0,0.06806282722513089,0.06282722513089005,0.13089005235602094,0.06282722513089005,1.0
synergy,hsa-miR-27b-3p,hsa-miR-137,UPR / ER stress (liability),UPR/ER stress (control),control,89,1421,1314,2451,10,9,16,3,0.11235955056179775,0.10112359550561797,0.1797752808988764,0.06741573033707865,0.8125
synergy,hsa-miR-27b-3p,hsa-miR-137,Apoptosis / p53 / DNA repair (liability),Apoptosis/DNA repair (control),control,363,1421,1314,2451,43,22,61,4,0.1184573002754821,0.06060606060606061,0.16804407713498623,0.049586776859504134,0.9344262295081968
synergy,hsa-miR-27b-3p,hsa-miR-137,EMT (alternate morphology),EMT (control),control,175,1421,1314,2451,21,15,32,4,0.12,0.08571428571428572,0.18285714285714286,0.06285714285714286,0.875
synergy,hsa-miR-27b-3p,hsa-miR-137,Trafficking / cytoskeleton (non-specific morphology),Trafficking/cytoskeleton (control),control,971,1421,1314,2451,104,89,176,17,0.10710607621009269,0.09165808444902163,0.18125643666323377,0.07415036045314108,0.9034090909090909
