label,mirA_ids,mirB_ids,module,module_display,category,module_genes_in_universe,mirA_targets_total,mirB_targets_total,union_targets_total,mirA_module_targets,mirB_module_targets,union_module_targets,overlap,coverage_A,coverage_B,coverage_union,incremental_coverage,complementarity_index
synergy,hsa-miR-20a-5p,hsa-miR-137,Neurite outgrowth & projection morphogenesis,Neurite outgrowth (on-target),on_target,510,1381,1314,2420,76,76,140,12,0.14901960784313725,0.14901960784313725,0.27450980392156865,0.1254901960784314,0.9142857142857143
synergy,hsa-miR-20a-5p,hsa-miR-137,Synapse formation & neuronal maturation,Synapse/maturation (on-target),on_target,426,1381,1314,2420,56,61,106,11,0.13145539906103287,0.1431924882629108,0.24882629107981222,0.1056338028169014,0.8962264150943396
synergy,hsa-miR-20a-5p,hsa-miR-137,Translation / ribosome (housekeeping),Translation/ribosome (housekeeping),control,223,1381,1314,2420,21,22,38,5,0.09417040358744394,0.09865470852017937,0.17040358744394618,0.07174887892376682,0.868421052631579
synergy,hsa-miR-20a-5p,hsa-miR-137,RNA processing / splicing (housekeeping),RNA processing/splicing (housekeeping),control,191,1381,1314,2420,9,12,20,1,0.04712041884816754,0.06282722513089005,0.10471204188481675,0.041884816753926704,0.95
synergy,hsa-miR-20a-5p,hsa-miR-137,UPR / ER stress (liability),UPR/ER stress (control),control,89,1381,1314,2420,9,9,15,3,0.10112359550561797,0.10112359550561797,0.16853932584269662,0.06741573033707865,0.8
synergy,hsa-miR-20a-5p,hsa-miR-137,Apoptosis / p53 / DNA repair (liability),Apoptosis/DNA repair (control),control,363,1381,1314,2420,40,22,58,4,0.11019283746556474,0.06060606060606061,0.15977961432506887,0.049586776859504134,0.9310344827586207
synergy,hsa-miR-20a-5p,hsa-miR-137,EMT (alternate morphology),EMT (control),control,175,1381,1314,2420,12,15,27,0,0.06857142857142857,0.08571428571428572,0.15428571428571428,0.06857142857142856,1.0
synergy,hsa-miR-20a-5p,hsa-miR-137,Trafficking / cytoskeleton (non-specific morphology),Trafficking/cytoskeleton (control),control,971,1381,1314,2420,128,89,199,18,0.13182286302780638,0.09165808444902163,0.20494335736354274,0.07312049433573636,0.9095477386934674
